b1	b2	bw1	bw2	e1	e2	ew1	ew2	first1	first2	gid1	gid2	id1	id2	len1	len2	matches	s1	s2	score	seq1	seq2	tok1	tok2	uid1	uid2	ch_match	align_len	matches_percent	w_match	series_b1	series_b2
473	101	78	17	808	437	129	67	false	true	3997935449618325707	1620306121390813756	GVDB20200108-ara1.mARkdown.ms66	Hindawi95926405Vols-ara1.mARkdown.ms0008	1780	1824	297	واعلم ان الغرض----- هو الاخبار عن حالة النفوس البسيطة قبلی تشخصها واتصالها بالاجسام الجزءية المحصورة ال-حدود بواس----------طة الالوان والاشكال والاعراض الاخرين والمكو--ث في الرحم هذه المدة لتتميم البنية وتكميل الصورة وهو الكمال الجسماني الاول لاستكمال الالة واعداد-- الاد-اة و-استواء- رباط النفس بالهيكل واتحادها بقواه وانبساطها في البنية و تمكنها من الجملة	و--------الغرض منها هو الاخبار عن حال- الانفس البسيطة قبل- تشخصها واتصالها بالاجسام الجزءية المحصورة المحدودة المحسوسة بوساطة الالوان والاشكال والاعراض الاخر-- وان المكث في الرحم هذه المدة لتتميم البنية وتكميل الصورة وهو الكمال--------- الاول لاستكمال الالة واعدادها الادوات ولاستتمام رباط النفس بالهيكل واتحادها بقواه وانبساطها في البنية و-تمكنها من الجملة	514.5	66	8	300	300	6943463542491913866	-6113438530293284727	251	358	82.96089172363281	34	GVDB20200108-ara1.mARkdown	Hindawi95926405Vols-ara1.mARkdown
328	926	57	156	1105	1551	193	259	false	true	3997935449618325707	1620306121390813756	GVDB20200108-ara1.mARkdown.ms01	Hindawi95926405Vols-ara1.mARkdown.ms0009	1651	1823	499	في بيان ماهية الموت والحياة وما --حكمة--- وجودهما في الدنيا التي هي عالم الكون والفساد وما حقيقة المعاد والغرض المقصود منها الكشف---- عن علة رباط الانفس الجزءية الناطقة بالاجسام-------- واتصالها بالاشخاص الجزءية الي وقت الموت وكيفية الثواب والاستعداد قبل الموت ثم الاستعجال قبل الفوت ما دام الخلاص -مكنا وسبب النجاة معروضة والاجساد موجودة والالات متمكنة وبذلك يكون الاشتهاء للموت--------------- وازالة الخوف والتجاني عنه كما قال الله عز وجل قل يا ايها الذين مادوا ان زعمتم انكم اولياء الله من دون الناس فتمنوا الموت ان كنتم صادقین وبتمني النفس---- الموت ودنوها منه وتسليمها جسدها اليه اذا حل بساحتها وترك استعمالها اياه و استراحتها من اذاه والمجا-----------------دها مناها وبلوغ-- منتهاها وانه لا سبيل لها الي البقاء السرمدي الذي ----------لا يزول ولا يتغير الا بعله مفارقة الجسد المستحيل الذي هو سبب الانتقال والزوال و التغيير من حال الي حال	في----- ماهية الموت والحياة وما الحكمة في وجوده-ا في الدنيا --------عالم الكون والفساد وما حقيقة المعاد والغرض-------- منها هو البيان عن علة رباط الانفس --------الناطقة بالاجساد البشرية واتصالها بالاشخاص الجزءية الي وقت الموت وكيفية التاهب والاستعداد قبل الفوت وال--استعجال---------- ما دام الخلاص ممكنا و----النجاة معر-ضة والاجسام موجودة والالة- متمكنة و----------الاستهانة بالموت والتجافي عنه وازالة الخوف منه ببقاء------------------------------------------------------------------------------------------------------------------------ النفس بعد الموت الذي هو مفارقتها الجسد----------------------- وترك استعمالها اياه و-استراحتها من اذاه ووصولها الي عالمها ووجودها مناها وبلوغها منتهاها وانه لا سبيل لها الي البقاء السرمدي الذي لا يتغير ولا يزول---------- الا بم----فارقة الجسد المستحيل الذي هو سبب الانتقال والزوال و-التغ-ير من حال الي حال	778.0	1	9	300	300	-1178309932592318117	2021620910442541881	412	843	59.193355560302734	61	GVDB20200108-ara1.mARkdown	Hindawi95926405Vols-ara1.mARkdown
5	1499	1	261	186	1682	38	300	false	true	3997935449618325707	1620306121390813756	GVDB20200108-ara1.mARkdown.ms05	Hindawi95926405Vols-ara1.mARkdown.ms0011	1568	1682	165	حي عالم طاءع لباريه خلقه ربه جلی ثناء---------ه تامة كاملا وجع--ل الخلاءق داخلون فيه باجمعهم فهو جملتهم وليس خارج العالم شء اخر لا خلاء ولا ملاء وليس العالم في مكان و كلما فيه في مكان موكل كل	حي عالم طاءع لباريه خلقه ربه جل- ثناءه يوم خلقه تاما كاملا وان كل الخلاءق داخلون فيه و--------هو جملتهم وليس خارج العالم شء اخر لا خلاء ولا ملاء وليس العالم في مكان وكل ما فيه في مكان موكل كل	295.0	5	11	300	300	8853679930489833968	6894142827016813363	130	192	85.9375	30	GVDB20200108-ara1.mARkdown	Hindawi95926405Vols-ara1.mARkdown
380	720	64	129	923	1215	156	212	false	true	3997935449618325707	1620306121390813756	GVDB20200108-ara1.mARkdown.ms34	Hindawi95926405Vols-ara1.mARkdown.ms0011	1734	1682	394	النفسانية والفيوضات الالهية لتصير الي عالم الجنان ومجاورة الرحمن ذو الجلال والاكرام------------------------ والغرض المطلوب من هذا الفصل والمقصود اليه هو ان الباري جل جلاله وتقدست اسماءه لما ابدع الموجودات في المبدع الاول وهو العقل -اخترع المخترعات بوساطته في النفس وجعلها مقدرة في الكاءنات مكونة- بحسب الامهات والمواليد ورتبها ونظمها كمراتب الاعداد عن الواحد الذي قبل الاثنين والاثنين الذي قبل الثلاثة وكذلك ما بعده وجعل لكل جنس منها حدا مخصوصا ونهاية معلومة متطابقة بعضها البعض فاعله ومنفعلة هیولی و صورة نوع و جنسة اذ -راي ذلك احكم واتقن واكمل واحسن واهدي اليها وابين	النفسانية---------- العقلية تشتمل علي عشر رساءل الرسالة الاولي منها في المبادء العقلية علي راي الفيثاغوريين والغرض منها--------------------------------- ان الباري جل جلال--------------ه لما ابدع الموجودات في المبدع الاول وهو العقل واخترع المخترعات بوساطته في النفس وخلقها مقدرة في ال--طباع وكونها بحسب الامهات والموال-د ورتبها ونظمها كمراتب الاعداد من الواحد الذي قبل الاثنين والاثنين قب-----ل الثلاثة وكذلك ما بعده وجعل لكل جنس منها حدا مخصوصا ونهاية معلومة م-طابقة بعضها -لبعض فاعلة ومنفعلة هيولي و-صورة نوعا وجنسا اذا راي ذلك احكم واتقن واكمل------ واهدي اليه- وابين	656.5	34	11	300	300	-7718837002185386389	6894142827016813363	322	570	69.12281036376953	49	GVDB20200108-ara1.mARkdown	Hindawi95926405Vols-ara1.mARkdown
886	1053	143	187	1457	1685	239	294	false	true	3997935449618325707	1620306121390813756	GVDB20200108-ara1.mARkdown.ms66	Hindawi95926405Vols-ara1.mARkdown.ms0620	1780	1714	541	كان الشهر الرابع من مسقط النطفة -صار التدبير للشمس واستولت علي المضغة قوی روحانياتها ونفخ ف-يها روح الحياة وسرت فيها النفس الحيوانية وذلك لان الشمس--- رءيس- الكواكب في الفلك ونفسها هي روح العالم باسره وهي المستولية علي الكاءنات التي دون فلك العمر وبالخاصة علي موالي-----------------------------------------د الانسان وذلك ان جرمها في العالم مت-زلة جرم القلب في البدن وساءر اجرام الكواكب والافلاك من-زلة اعضاء البدن ومفاصل الجسد وسريان قوی روحانياتها في العالم کسريان الحرارة الغريزية المنبثة من القلب السارية في جميع اعضاء البدن واما ساءر قوی روحانيات الكواكب فهي لها كالجنود والاعوان وللخدم وكل ذلك ب-------------------------تقدير العزيز العليم	دخل الشهر الرابع من مسقط النطفة وصار التدبير للشمس واستولت علي المضغة قوي روحانياتها -نفخت فيها روح الحياة وسرت فيها النفس الحيوانية وذلك لان الشمس هي رءيسة الكواكب في الفلك ونفسها هي روح العالم باسره وهي المستولية علي الكاءنات التي دون فلك القمر و---خاصة علي مواليد الحيوانات ذوي الرحم واشد اختصاصا بمواليد الانس و--ذلك ان جرمها في العالم بمنزلة جرم القلب في البدن وساءر اجرام الكواكب والافلاك بمنزلة اعضاء البدن ومفاصل الجسد وسريان قوي روحانياتها في العالم كسريان الحرارة الغريز-ة المنبثة من القلب السارية في----- اعضاء البدن واما ساءر قوي روحانيات الكواكب فهي لها كالجنود والاعوان والخدم -كل ذلك باذن الباري جل ثناءه وذلك تقدير العزيز العليم	1011.5	66	620	300	299	6943463542491913866	-1034663251547498885	448	645	83.87596893310547	76	GVDB20200108-ara1.mARkdown	Hindawi95926405Vols-ara1.mARkdown
1463	13	240	3	1747	295	293	56	false	true	3997935449618325707	1620306121390813756	GVDB20200108-ara1.mARkdown.ms66	Hindawi95926405Vols-ara1.mARkdown.ms0621	1780	1662	245	انها -مسيرها في حدود الكواكب والب--روج ولشدة اشراق نورها وسريان قوی روحانياتها تحط من الفلك الي عالم الكون والفساد الذي تحت فلك العمر من توی روحانيات الكواكب والافلاك والبروج في کلی يوم واحد وساعة واحدة وفي كل------------ درجة ودقيقة الوانة من التدب---------ير غير ما في يوم اخر وساعة اخري لا ي----فهم البشر كنه	انها بمسيرها في حدود الكواكب في البروج و-شدة اشراق نورها وسريان قوي روحانياتها تحط من الفلك الي عالم الكون والفساد الذي تحت فلك القمر من قوي روحانيات الكواكب والافلاك والبروج -----------------------------في كل يوم ساعة في درجة ودقيقة الوانا من التدبير والتاثير غير ما في يوم اخر وساعة اخري لا يبلغ فهم البشر كنه	447.0	66	621	300	299	6943463542491913866	5384727586951829872	198	312	78.52564239501953	38	GVDB20200108-ara1.mARkdown	Hindawi95926405Vols-ara1.mARkdown
901	944	172	173	1192	1219	220	218	false	true	3997935449618325707	1620306121390813756	GVDB20200108-ara1.mARkdown.ms70	Hindawi95926405Vols-ara1.mARkdown.ms0621	1607	1662	245	الله وايانا بروح منه انه اذا كان الشهر الخامس من مسقط للنطفة وسارت الشمس الي البرج الخامس المسمي بيت الولد الموافقة طبيعته للبرج الذي كانت فيه يوم مسقط النطفة وصار التدبير الزهرة ---------------صاحبة النقش والتص-وير واستولت علي الخ-لقة قوی روحانياتها استتمت الخلقة واستكملت البنية والنشوء وظهرت صورة الاعضاء	اعلم يا اخي ب--------انه اذا دخل الشهر الخامس--------------- وسارت الشمس الي البرج الخامس المسمي بيت الولد الموافق- طبيعته للبرج الذي كان- فيه يوم مسقط النطفة وصار التدبير للزهرة الساعد الاصغر وصاحبة النقش والتصاوير واستولي علي المخلقة قوي روحانياتها استتمت الخلقة واستكملت البنية-------- وظهرت صورة الاعضاء	419.0	70	621	300	299	8079684821323520098	5384727586951829872	203	308	79.54545593261719	28	GVDB20200108-ara1.mARkdown	Hindawi95926405Vols-ara1.mARkdown
1577	379	270	67	1774	574	300	96	false	true	3997935449618325707	1620306121390813756	GVDB20200108-ara1.mARkdown.ms36	Hindawi95926405Vols-ara1.mARkdown.ms0650	1774	1647	187	کالاثنين والنفس كالثلاثة والهيولي الاولي كالاربعة والطبيعة -الخمسة والجسم كالستة والفلك كالسبعة والاركان كالثمانية والمتولدات كالتسعة و---وجه اخر في ان نسبة النفس من العقل كنسبة ضوء القمر من نور الشمس	كالاثنين والنفس كالثلاثة والهيولي الاولي كالاربعة والطبيعة كالخمسة والجسم كالستة والفلك كالسبعة والاركان كالثمانية والمولودات كالتسعة ومن وجه اخر------ نسبة النفس من العقل كنسبة ضوء القمر من نور الشمس	351.5	36	650	300	299	-8858782964437253641	248834797006152718	159	201	93.03482818603516	24	GVDB20200108-ara1.mARkdown	Hindawi95926405Vols-ara1.mARkdown
18	580	3	97	828	1401	158	250	false	true	3997935449618325707	1620306121390813756	GVDB20200108-ara1.mARkdown.ms37	Hindawi95926405Vols-ara1.mARkdown.ms0650	1578	1647	444	الاساس من الناطق كنسبة---- العقل من الباري -------------اذا امتلا نوره حاکی -------------نورها وتاويل ذلك ان نوره فاض علي الكواكب وكذلك النفس اذا قبلت الفيض العقلي و استتمت فضاءلها كانت افعالها كال-----عقل وانما تستتم فضاءلها اذا هي اعتبر-----------------------------------------------------------ت احوال عالمها التي هي الصورة الانسانية لان الله عز وجل- خلق الانسان في احسن تقويم ثم صوره في احسن صورة وجعل صورته مر-ة لنفسه ليتبين- فيها صورة العالم الكبير وما هو مكتوب في اللوح المبين واعلم ايها الا ان الله عز وجل لما اراد ان يطلع النفس الانسانية علي خزاءن علوم ما كتب في لوحه ويشهدها العالم كله باسره فكان ملکه---- واسعة و كرسيه محيطة بالخلق وان النفس الجزءية لا تحيط بواسع ما خلقه وتعجز عن قراءة ما كتبه و----------------------------------------------------------------------ان الجزءي لا محيط بالكلي الا بقدر ما في وسعه وطاقته فاقتصد لها عالمة صغيرة خلقه محكمته واتقنه بصنعته وصور فيه------------- جميع ما في العالم الكبير واشهد----------------ها اياه قوله تعالي ع------------لي انفسهم الست بربکم قالوا-------- بلي فمن عرف منهم	ال-عقل من الباري كنسبة نور الشمس من الشمس وكما ان القمر اذا امتلا من نور الشمس حاكي نوره نورها ------------------------------------كذلك النفس اذا قبلت --فيض العقل ف--استتمت فضاءلها حاكت افعالها افعال العقل وانما تستتم فضاءلها اذا هي عرفت ذاتها وحقيقة جوهرها وانما تستبين لها فضاءل جوهرها اذ هي عرفت احوال عالمها الذي هو --صورة الانسانية لان البارء تعالي خلق الانسان في احسن تقويم و--صوره اكمل ص---ورة وجعل صورته مراة لنفسه ليتراءي فيها صورة العالم الكبير وذلك ان الباري جل جلاله----------------------------------- لما اراد ان يطلع النفس الانسانية علي خزاءن علوم--------------ه ويشهدها العالم---- باسره علم ان العالم ------------------------------------------------------واسع --------------------------كبير وليس في طاقة الانسان ان يدور في العال حتي يشاهده كله لقصر عمره وطول عمران العالم فراي من الحكمة ان يخلق --------------------------لها عالما صغيرا مختصرا من العالم الكبير --وصور في العالم الصغير جميع ما في العالم الكبير ومثله بين يديها واشهدها اياه فقال عز من قال واشهدهم علي انفسهم الست بربكم قالوا باجمعهم بلي فمن كان منهم	582.5	37	650	300	299	893126160471286440	248834797006152718	352	1030	43.10679626464844	56	GVDB20200108-ara1.mARkdown	Hindawi95926405Vols-ara1.mARkdown
1172	1274	208	226	1566	1680	279	299	false	true	3997935449618325707	1620306121390813756	GVDB20200108-ara1.mARkdown.ms53	Hindawi95926405Vols-ara1.mARkdown.ms0651	1680	1680	331	ولما كان الفلك مقسومة باني عشر برجا كذلك في بنية الجسد اثني عشر تقبة مماثلة لها وهي العينان والاذنان والمنخران والسبيلان والثديان والفم والسرة ولما---------- كانت الابراج---- منها ستة جنوبية وستة ش------الية كذلك قسمت---- الثقوب ست---------ة في الجانب الام-ن وستة في الجانب الايسر -ماءلة لها بالكمية والكيفية جميعا ولما كان في الفلك سيع- كواكب سيارة بها تجري احكام الفلك في الكاءنات كذلك وجد في جسد الانسان سبع قوی--------- فعالة بها يكون	ولما كان الفلك مقسوما اثني عشر برجا وجد- في بنية الجسد اثني عشر ثقبا مماثلا له- وهي العينان والاذنان والمنخران---------- والثديان والفم والسرة والسبيلين ولما كانت الابراج ستة منها---- جنوبية وستة منها شمالية كذلك وجدت ستة الثقب التي في الجسد في الجانب اليمين وستة في الجانب الشمال مماثلة لها بالكمية والكيفية جميعا ولما كان في الفلك سبعة كواكب سيارة بها تجري احكام الفلك و--الكاءنات كذلك وجد--------------- سبع قوي في الجسد فعالة بها يكون	541.5	53	651	300	299	4566239777682789909	8626671089987793424	267	439	75.39863586425781	45	GVDB20200108-ara1.mARkdown	Hindawi95926405Vols-ara1.mARkdown
5	150	1	27	285	417	39	63	false	true	3997935449618325707	1620306121390813756	GVDB20200108-ara1.mARkdown.ms54	Hindawi95926405Vols-ara1.mARkdown.ms0652	1823	1804	240	الجاذبة والماسكة والهاضمة والدافعة والغاذية والنامية وال-صورة وسبع قوي اخري روحانية وهي القوي الحساسة واعني بها الناظرة والسامعة والذاءقة والشامة واللامسة والعا--------------قلة والناطقة فالقوي الخمس الحساسية مناسبة للكواكب الخمس المتحيزة والقوة الناطقة مناسبة للقمر والقوة العاقلة مناسبة للشمس	الجاذبة والماسكة والهاضمة والدافعة والغاذية والنامية والمصورة وسبع قوي اخري روحانية وهي القوي الحساسة -اعني---- الباصرة والسامعة والذاءقة والشامة واللامسة والقوة الناطقة العاق---------لة والقو------ة الحساس-ة مناسبة للخمسة------- المتحيرة والقوة الناطقة مناسبة للقمر والقوة العاقلة مناسبة للشمس	430.0	54	652	300	300	-442110700989681253	5622079556733975609	206	295	81.3559341430664	26	GVDB20200108-ara1.mARkdown	Hindawi95926405Vols-ara1.mARkdown
1007	674	179	124	1406	1312	252	241	false	true	3997935449618325707	1620306121390813756	GVDB20200108-ara1.mARkdown.ms38	Hindawi95926405Vols-ara1.mARkdown.ms0802	1678	1628	321	الباري علة وجود العقل و-----------علة بقاء العقل وعلة افاضة ذلك ال--------------------فيض الداءم و-------علة تمام-- العقل --وقبوله ذلك الفيض و-----------------------------------علة كمال العقل --وافاضته ذلك الفيض--------- علي النفس----------------------------- فبقاء ال----------------------------------عقل علة لوجود التن-------------------------س وبقاء النفس علة لوجود الهي--------------------------------ولي فمتي ت-لت النفس تحت الهيو--------------------------------------------لي ومن اجل هذا كان دوران الفلك لتكوين الكاءنات ولكي تظهر النفس باظهار فضاءلها في الهيولي وتتم الهيولي القبول ذلك ولو لم يكن هذا هكذا لكان دوران الفلك عبثا فاعلم ذلك وتيقن ان	الباري عز وجل وفيضه الذي فاض منه وعلة بقاء العقل هو امداد الباري عز وجل له بالوجود والفيض الذي فاض اولا وعلة تمامية العقل هي قبول- ذلك الفيض والفضاءل واستمداده من الباري تعالي وعلة كمال العقل هي افاض-ة ذلك الفيض والفضاءل علي النفس بما استفاده من الباري عز وجل فبقاء العقل اذن علة لوجود النفس وتمامية العقل علة لبقاء النفس وكماله علة لتمامية النفس وبقاء النفس علة لوجود الهيولي وتمامية النفس علة لبقاء الهيولي فمتي كملت النفس تمت الهيولي وهذا هو الغرض الاقصي في رباط النفس بالهيولي ومن اجل هذا---- دوران الفلك وتكوين الكاءنات ----لتكمل النفس باظهار فضاءلها في الهيولي وتتم الهيولي -بقبول ذلك ولو لم يكن هذا هكذا لكان دوران الفلك عبثا واعلم يا اخي ان ---	451.0	38	802	300	299	505335263777523548	-8365519469097474352	259	652	49.23312759399414	42	GVDB20200108-ara1.mARkdown	Hindawi95926405Vols-ara1.mARkdown
856	92	165	15	1247	564	235	99	false	true	3997935449618325707	1620306121390813756	GVDB20200108-ara1.mARkdown.ms35	Hindawi95926405Vols-ara1.mARkdown.ms0814	1615	1839	327	الحكماء من قال-- الهيولي والصورة ومنهم من قال النور والظلمة ومنهم من قال الجوهر والعرض ومنهم من قا---------------------------------------------------------------------------------ل الروحاني والجسماني ومنهم من قال اللوح والقلم ومنهم من قال القبض والبسط ومنهم من قال المحبة وال-شوق ومنهم من قال الحركة والسكون ومنهم من قال الوجود والعلم ومنهم من قال الزما-------------------------ن والمكان ومنهم من قال الظاهر والباطن ومنهم من قال العالي والسافل ومنهم من قال العلة والمعلول ومنهم من قال اللطيف والكثيف	الحكماء الفلاسفة الهيولي والصورة ومنهم من قال النور والظلمة ومنهم من قال الجوهر والعرض ومنهم من قال الخير والشر ومنهم من قال الاثبات والنفي ومنهم من قال الايجاب والسلب ومنهم من قال الروحاني والجسماني ومنهم من قال اللوح والقلم ومنهم من قال الفيض والعقل ومنهم من قال المحبة والغلبة ومنهم من قال الحركة والسكون ومنهم من قال الوجود والعدم ومنهم من قال النفس والروح ومنهم من قال الكون والفساد ومنهم من قال الدنيا والاخرة ومنهم من قال---------------------------- العلة والمعلول ومنهم من قال المبدا والمعاد	585.5	35	814	300	300	3917827331099778321	-7600237919606998059	263	500	65.4000015258789	51	GVDB20200108-ara1.mARkdown	Hindawi95926405Vols-ara1.mARkdown
206	105	37	20	1360	1302	221	216	false	true	3997935449618325707	1620306121390813756	GVDB20200108-ara1.mARkdown.ms09	Hindawi95926405Vols-ara1.mARkdown.ms0822	1836	1792	901	واحدة وانه كما كانت قد قالت الحكماء ان الجسم الكلي قاءمة عنوا به---- العالم باسره و-------- النفس الكلية المحركة و----------------------------------العقل الكلي عنوا ---------القوة الالهية المءيدة ---------------------------------------------------------للنفس الكلية السارية في جميع الاجسام ال-حركة لها المحيطة بها المظهرة لها وبها ومنها افعالها واذا قالو-------ا الهيولي فانما عنوا به انه الجوهر الذي له طول و عرض و عمق فهو ----جسم مطلق واذا قالوا الاجسام البسيطة فانما عنوا---- الافلاك والكواكب والاركان الاربعة التي هي النار والهواء والماء والارض واذا قالوا الانفس البسيطة فانما -عن---وا قوي النفس الكلية ال-حركة المديرة لهذه الاجسام السارية----- وهذه القوي تسميها الحكماء في كتبها ورساءلها بالملاءكة الروحانيين واذا قالوا الاجسام المولدة فانما عنوا انواع الحيوان والنبات والمعا--دن واذا قالوا الانفس الحيوانية والنباتية والمعدنية فان-اعن-----وا قوي الانفس البسيطة المحركة المدبرة لهذه الاجسام المولدة السارية في------------ها ومنها افعالها وخواصها ومنافعها فاذا قالوا الاجسام الجزءية فانما عنو----ا اشخاص الحيوان-- والنبات والمعادن وغيرها من المصنوعات علي ايدي ال------------------بشر واذا قالوا الانفس-------- المتحركة فانما -عن---وا قوي النف-س الحيوانية والنباتية والمعدنية السارية في الاجسام الجزءية والمحركة المديرة لها المظهرة بها ومنها افعالها واحدة بعد واحد- من الاشخاص الموجودة تحت فلك القمر ومن هنا فقد ظهر بالبيان وبان البرهان ان العالم	واحدة واذا قلنا نحن في رساءلنا-------- الجسم الكلي فانما نعني به جسم العالم باسره واذا قلنا النفس الكلية فانما نعني بها نفس العالم باسرها واذا قلنا العقل الكلي فانما نعني به القوة الالهية المءيدة للنفس الكلية واذا قلنا الطبيعة الكلية فانما نعني بها قوة النفس الكلية السارية في جميع الاجسام المحركة---- المدبرة لها المظهرة -----بها ومنها افعالها واثارها واذا قلنا الهيولي فانما نعني ب----ه الجوهر الذي له طول و-عرض و-عمق فهو بها جسم مطلق واذا ق-لنا الاجسام البسيطة فانما نعني بها الافلاك والكواكب والاركان الاربعة التي هي النار والهواء والماء والارض واذا ق-لنا الانفس البسيطة فانما نعني بها قوي النفس الكلية المحركة المدبرة لهذه الاجسام السارية فيها وهذه القوي نسميها ---------------------------الملاءكة الروحا------------------------------------------------------------نيين في رساءلنا واذا ق-لنا الانفس الحيوانية والنباتية والمعدنية فانما نعني بها قوي ال-نفس البسيطة المحركة المدبرة لهذه الاجسام المولدة السارية فيها المظهرة بها ومنها افعال-----------------ها فاذا ق-لنا الاجسام الجزءية فانما نعني بها اشخاص الحيوانات والنبات والمعادن وغيرها من المصنوعات علي ايدي البشر وغيرهم من الحيوان واذا ق-لنا الانفس الجزءية المتحركة فانما نعني بها قوي النفوس الحيوانية والنباتية والمعدنية السارية في الاجسام الجزءية -المحركة المدبرة لها المظهرة بها ومنها افعالها واحد----ا واحدا من الاشخاص الموجودة تحت فلك القمر-------- فقد بان بهذا ان مجري -------حكم العالم	1446.5	9	822	300	299	-3693455627042547846	7008753646036277701	747	1350	66.74073791503906	107	GVDB20200108-ara1.mARkdown	Hindawi95926405Vols-ara1.mARkdown
968	664	169	125	1219	985	208	177	false	true	3997935449618325707	1620306121390813756	GVDB20200108-ara1.mARkdown.ms06	Hindawi95926405Vols-ara1.mARkdown.ms0823	1747	1708	217	الموجودات الجنسية والنوعية والشخصية عن جنس الاجناس كمثل قبيلة لها شعوب ولشعوبها بطون ولبطونها افخاذ والافخاذها فروع ولفروعها عشاءر واقارب وكمثل------------------------------------------------- شريعة واحدة فيها مفروضات كثيرة و احكام معينة ولتلك المفروضات سنن مختلفة و---------------------------------------حدود متغايرة تجمعها كلها دين واحد	الموجودات الجنسية والنوعية والشخصية مع جنس الاجناس كمثل قبيلة لها شعوب ولشعوبها بطون ولبطونها افخاذ و-لافخاذها عماءر ول---ها عشاءر واقارب ومن وجه اخر مجري حكم العالم في جميع موجوداته كمجري حكم شريعة واحدة فيها مفروضات كث--------------يرة ولتلك المفروضات سنن مختلفة ولتلك السنن احكام متباينة ولتلك الاحكام حدود متغايرة يجمعها كلها دين واحد	391.5	6	823	300	300	-6176380718473712114	4818640688804057932	182	339	64.01180267333984	29	GVDB20200108-ara1.mARkdown	Hindawi95926405Vols-ara1.mARkdown
464	799	87	150	975	1319	171	235	false	true	3997935449618325707	1620306121390813756	GVDB20200108-ara1.mARkdown.ms44	Hindawi95926405Vols-ara1.mARkdown.ms0836	1722	1669	360	علم الانسان بالباري جل اسمه وتعالي جده وذكره فباحدي طريقتين احداهما علي العموم و--اخري علي الخصوص فالتي علي العموم هي المعرفة الغريزية التي في طباع الخليقة اجمع------- وذلك ان الناس كلهم العالم منهم والجاهل--------------- والمءمن والكافر يقرون بوجود الصانع ويفز-------------------------------------------عون اليه بالرغبة والدعاء والتضرع في كل المواضع حتي الحيوانات فقد قيل انها في سنين الجدب ترفع رءوسها الي السماء تطلب الغيث--------------------------------------- واما معرفة الخصوص فهي -الوصف ب---التجريد والتنزيه--------- وهي التي في طريق البرهان ويختص بها فضلاء الناس وهم الانبياء والفضلاء- والحكماء والاخبار والاتقياء والابرار	علم الانسان بالباري عز وجل ووجدانه له --------باحدي طريقتين احداهما ع------موم والاخري خص------وص فالع---------موم هي المعرفة الغريزية التي في طباع الخليقة اجمع بهويته وذلك ان الناس كلهم العالم----- والجاهل والخير والشرير والمءمن والكافر كلهم ---------------يفزعون عند الشداءد الي الله ويستغيثون به ويتضرعون اليه-------------------------------------- حتي البهاءم ايض----------ا في سني- الجدب ترفع رءوسها الي السماء تطلب الغيث فهذا العلم منهم يدل علي معرفتهم بهويته واما معرفة الخصوص فهي بالوصف له والتجريد والتنزيه والتوحيد وهي التي بطر---ق البرهان ويختص بها فضلاء الناس وهم الانبياء والاولياء والحكماء والاخيار ----------والابرار	564.0	44	836	300	300	-3670091529264937659	2567950142462828961	298	631	57.05229949951172	44	GVDB20200108-ara1.mARkdown	Hindawi95926405Vols-ara1.mARkdown
195	206	35	36	468	481	88	88	false	true	3997935449618325707	1620306121390813756	GVDB20200108-ara1.mARkdown.ms44	Hindawi95926405Vols-ara1.mARkdown.ms0837	1722	1636	205	الباري عز وجل قد افاض علي العقل جميع الموجودات وان العقل الذي هو اول موجود ---------------اوجده الله عز وجل بكلمته هو جوهر بسیط روحاني فيه صور جميع---- الموجودات------------------------ كما يكون في نفس الصانع صور المصنوعات قبل اخراجها ووضعها في الهيولي وهو مفيض تلك الصور علي النفس------- دفعة واحدة بلا زمان طويل -------واما علم	الباري عز وجل عل--------ي ال-------------------------عقل الذي هو اول موجود جاد به الباري واوجده و------------------هو جوهر بسيط روحاني فيه---- جميع صور الموجودات غير متراكمة ولا متزاحمة كما يكون في نفس الصانع صور المصنوعات قبل اخراجها ووضعها في الهيولي وهو فاءض تلك الصور علي النفس الكلية دفعة واحدة بلا زمان كفيض الشمس نورها علي	321.0	44	837	300	300	-3670091529264937659	-593308498046661343	163	330	62.121212005615234	32	GVDB20200108-ara1.mARkdown	Hindawi95926405Vols-ara1.mARkdown
20	779	4	129	672	1721	131	303	false	true	3997935449618325707	1620306121390813756	GVDB20200108-ara1.mARkdown.ms60	Hindawi95926405Vols-ara1.mARkdown.ms0840	1551	1724	568	قبل الطولي و العرض و العمق فصار بها جسمة و علته الفاعل-ة هو الباري عز وجل و علته الصورية العقل لان الطول و العرض و العمق ا-ما هي لل-----------------------------نفس لان الهيولي من اجلها خلق----------- لكيما يفعلی به ومنه ما تعمل وتصنع ليتم الخيول وت-كمل النفس وهذا يا اخي هو الغرض الاقصي في رباط النفس --بالهيولي وام--------------------------ا الهيولي الاولي التي هي جوهر بسيط فلها------ ثلاث علل الفاعل-ة وهو الباري عز وجل والصورية وهو العقل والتهامية وهي النفس واما النفس فلها علتان -هما الباري عز -----------------------------------------------------------------------------------------------------------------------------------------------------------------------------------وجل الذي افاض ال------جود-------- والبقاء والتمام والكمال علي العقل دفعة واحدة بلا زمان وان العقل قد ا-----------------------------------------------شار اليه بقوله في كتابه علي لسان نبيه ورسوله محمد صلي الله عليه واله وما امرنا الا واحدة كلمح -البصر و--هو اقرب واليه اشار بقول-------ه ويسالونك عن الروح	قبل الطول- و-العرض وال-عمق فصار بها جسما و-علته الفاعلية هو الباري عز وجل و-علته الصورية العقل لان الطول و-العرض وال-عمق انما هي صورة عقلية وعلته التمامية هي النفس لان الهيولي من اجلها خلق وموضوع لها لكيما تفعل فيه ومنه ما يعمل ويصنع ليتم الهيولي ويكمل النفس الذي ه-------و الغرض الاقصي في رباط النفس مع الهيولي كما بينا في رسالة المبادء واما الهيولي الاولي الذي هو جوهر بسيط روحاني فله ثلاث علل الفاعلية وهو الباري عز وجل والصورية وهو العقل والتمامية وهي النفس واما النفس فلها علتان وهما الباري عز وجل والعقل فالباري علتها الفاعلة المخترعة لها والصورية هي العقل الذي يفيض عليها ما يقبل من الباري عز وجل من الفضاءل والخير والفيض واما العقل فله علة واحدة فاعلة الذي هو الباري عز وجل الذي افاض عليه الوجود والتمام والبقاء-------- والكما----------ل دفعة واحدة بلا زمان اردنا بالعلة الفاعلة انه ابدعه بلا واسطة فهذا العقل هو الذي اشار اليه بقوله في كتابه علي لسان نبي-------ه محمد صلي الله عليه وسلم وما امرنا الا واحدة كلمح بالبصر او هو اقرب واليه اشار بقوله سبحانه ويسالونك عن الروح	960.0	60	840	300	304	-1220734884374389825	-459465950856631307	457	981	57.90010070800781	78	GVDB20200108-ara1.mARkdown	Hindawi95926405Vols-ara1.mARkdown
733	781	134	142	1056	1071	196	197	false	true	3997935449618325707	1620306121390813756	GVDB20200108-ara1.mARkdown.ms67	Hindawi95926405Vols-ara1.mARkdown.ms0853	1666	1638	250	دامت هذه الحركة محفوظة في الفلك فان صورة هذه الكاءنات عنها موجودة في الهيولي ومنها جميع الحادثات في هذا العالم ومنی----------------------- وقف الفلك عن الدوران فسد النظام وبطل عالم الكون والفساد وقد قيل ان ذلك كاءن لا محالة اذا بلغت النفس الكلية اقصی غرضها لان الغرض هو غاية يسبق اليها الوهم ومن اجل ذلك--------- يفعل الفاعل فعله فاذا بلغ اليها قطع الفعل	دامت هذه الحركة محفوظة في الفلك فان صورة هذه الكاءنات عنها----------------------------- الحادثات في هذا العالم تكون موجودة في الهيولي ومتي وقف الفلك----------- فسد النظام وبطل----- الكون و------------------ذلك كاءن لا محالة اذا بلغت النفس الكلية اقصي غرضها لان الغرض هو غاية -سبق اليها الوهم ومن اجل البلوغ اليها يفعل الفاعل فعله واذا بلغ اليه- قطع الفعل	427.0	67	853	300	299	-4296222348145446815	-8556557129517806088	200	355	70.42253875732422	40	GVDB20200108-ara1.mARkdown	Hindawi95926405Vols-ara1.mARkdown
930	1178	166	212	1329	1682	238	299	false	true	3997935449618325707	1620306121390813756	GVDB20200108-ara1.mARkdown.ms21	Hindawi95926405Vols-ara1.mARkdown.ms0880	1701	1687	329	الاخ ايدك الله وايانا بروح منه ان الذين انكروا امر البعث والقيامة والحشر والنشر والمحاسبة-------------------------------------------------------------------- وما تقدم ذكره فاما انكروها و كذبوها لش------------------------ك في نفوسهم وحيرة في قلوبهم و-------------طلبهم حقيقة معرفتها و کیفیتها وابنيتها وماهيتها و كميتها قبل معرفتهم انفسهم وحقيقة جوهرها و كيفية كونها مع الجسد ولمم ربطت فيه -------ولم تفارقه--------- ومن اين كان مبداها والي اين يكون معادها بعد مفارقتها جسدها وهذه المباحث علم غامض وسر عميق لا طريق اليها	اعلم ايدك الله وايانا بروح منه ان الذين انكروا امر البعث والقيامة------- والنشر والحشر والوقوف والحساب ووضع الموازين لوزن الحسنات والسيءات والجواز علي الصراط وما شاكل هذه الامور المذكورة في كتب الانبياء عليهم السلام لشكوك في نفوسهم وحيرة في قلوبهم والعلة في ذلك طلبهم حقيقة معرفتها وكيفيته-ا وابنيتها وماهيتها و-كميتها قبل معرفتهم انفسهم وحقيقة جوهرها و-كيفية كونها مع الجسد ول-م ربطت به وقتا ما ولم تفارقه وقتا اخر ومن اين كان مبدءها والي اين يكون معادها بعد مفارقتها جسدها وهذ- المباحث علم غامض وسر لطيف ليس---- اليها	535.5	21	880	300	300	-335118254280952926	8912150680365333881	266	520	63.269229888916016	48	GVDB20200108-ara1.mARkdown	Hindawi95926405Vols-ara1.mARkdown
1	1269	0	220	455	1520	77	261	false	true	3997935449618325707	1620306121390813756	GVDB20200108-ara1.mARkdown.ms41	Hindawi95926405Vols-ara1.mARkdown.ms0927	1723	1744	184	اتي عليها---- دهر طويل قبل تعلقها بالجسم وذلك انها تحركت حركة طويلة غير متوهمة كتوهم الحركات المحسوسة الكاءنة في الزمان الفلكي و كانت في عالمها الروحاني ومحلها النوراني وفي مركزها الذي هو ا------------------لعقل الفعال تقبل منه الفيض والفضاءل والخير وتتراءي فيها الامثال العقلية الربانية تسمع كلامه و كانت معه-- ملتذة مستر مكة مسرور-------ة فلما اقامت علي تلك الحركة الفاضلة والنعمة الكاملة والبركة الشاملة ما لا يصل الي تصوره الوهم الجزءي والتخيل الحسي امتلات من تلك الفضاءل والخيرات	اتي علي النفس دهر طويل قبل تعلقها بالجسم ذي الابعاد وكانت هي------------------------------------------------------------------------- في عالمها الروحاني ومحلها النوراني و----دارها الحيوانية مقبلة علي علتها العقل الفعال تقبل منه الفيض والفضاءل والخيرات وك------------------------------------------------انت منعمة ملتذة مستريح-ة مسرورة فرحانة فلما------------------------------------------------------------------------------------------------------------ امتلات من تلك الفضاءل والخيرات	263.0	41	927	300	300	-22512436646423809	4342139410041606411	153	485	37.93814468383789	23	GVDB20200108-ara1.mARkdown	Hindawi95926405Vols-ara1.mARkdown
8	373	1	71	451	661	86	128	false	true	3997935449618325707	1620306121390813756	GVDB20200108-ara1.mARkdown.ms58	Hindawi95926405Vols-ara1.mARkdown.ms0954	1535	1561	217	وان قال قاءل ما العقل الفعال فيقال هو اول ابداع الباري سبحانه وتعالي وهو جوهر بسیط نوراني فيه صورة كل شء فان قال لم سمي عقلا فيقال لانه عقل الاشياء عن الخروج عنه كما قال سبحانه وتعالي لقد احصاهم عدهم عدا وان قال ما النفس فيقال جوهرة بسيطة روحانية حية بالذات علامة بالقوة فعالة بالطبع وهي صورة من صور العقل الفعال فان قبل الم وصفت بالحياة فيقال لانها تاتي الافعال وتحرك الجسم حركة تءدي به الي الصلاح العام-------- والنفع التام فان قيل ما الهيول-------ي فيقال	فان ق-----يل ما العقل الفعال فيقال هو اول مبد-ع ابدعه الله تع----الي وهو جوهر بسيط نوراني فيه صورة كل شء فان قيل م---------------------------------------------------------------------------------------------------ا النفس فيقال جوهرة بسيطة روحانية حية------- علام-------ة فعالة------- وهي صورة من صور العقل الفعال فان قيل ما الاراد------ة فيقال اشارة بالوهم------------------------------- الي -تكوين امر ممكن كونه وكون-- خلافه فان قيل ما العقل الانساني فيقال	296.5	58	954	300	300	-8027143755462655187	4183145540391905906	166	458	47.379913330078125	32	GVDB20200108-ara1.mARkdown	Hindawi95926405Vols-ara1.mARkdown
172	221	32	41	665	581	129	113	false	true	3997935449618325707	1620306121390813756	GVDB20200108-ara1.mARkdown.ms63	Hindawi95926405Vols-ara1.mARkdown.ms0954	1594	1561	237	فان قال قاءل لم وصف بالقدرة فيقال ل--------------------------------------------اخراجه الاشياء من العدم الي الوجود فان قال قاءل لم قيل له صانع فيقال ل--وضعه الصورة في الهي---------------------------------------ولي و------ان قال قاءل ما العقل الفعال فيقال--- اول مبدع ابداعه الباري سبحانه وتعالي وهو جوهر بسیط نوراني فيه صورة كل شء فان قال لم سمي عقلا فيقال لانه عقل الاشياء عن الخروج عنه احصاء و عدة و كما قال الله تعالي ولقد احصاهم وعدهم عدا وان قال ما النفس فيقال جوهرة بسيطة روحانية حية بالذات علامة بالقوة فعالة بالطبع وهي صورة من صور العقل الفعال فاذا قال قاءل لم وصفت بالحيا-ة فيقال	فان قيل ما ----------القدرة فيقال امكان ايجاد الفعل فان قيل ما الصنعة فيقال هو اخراج- ال-------------------------------------------------صانع من فكره ووضعه------- في الهيولي فان قيل ما المصنوع فيقال مركب من هيولي وصورة فان قيل م-----ا العقل الفعال فيقال هو اول مبدع ابد-عه الله تعا----------لي وهو جوهر بسيط نوراني فيه صورة كل شء فان قيل م----------------------------------------------------------------------------------------------------------------ا النفس فيقال جوهرة بسيطة روحانية حية------- علام-------ة فعالة------- وهي صورة من صور العقل الفعال فا-ن قيل ما----------- الارادة فيقال	321.0	63	954	300	300	-6124959728861279168	4183145540391905906	189	588	40.306121826171875	28	GVDB20200108-ara1.mARkdown	Hindawi95926405Vols-ara1.mARkdown
1177	517	209	90	1680	1223	300	223	false	true	3997935449618325707	1620306121390813756	GVDB20200108-ara1.mARkdown.ms53	Hindawi95926405Vols-ara1.mARkdown.ms1255	1680	1715	392	كان الفلك مقسومة با-ني عشر برجا كذلك---- في بنية الجسد اثني عشر تقبة مماثلة لها و-------هي العينان والاذنان والمنخران والسبيلان والثديان والفم والسرة------------------------------------------------------------------- ولما كانت الابراج---- منها ستة جنوبية وستة ش-الية كذلك قسمت ال--------ثقوب ستة في الجانب الا-من وستة في الجانب الايسر -ماءلة لها بالكمية والكيفية جميعا ولما كان في الفلك سيع- كواكب سيارة بها تجري احكام الفلك في الكا-------------------------ءنات كذلك -وجد في --جسد الانسان سبع قوی ف-----------------------------------------------عالة بها يكون--- صلاح الجسد ولما كانت هذه للكواكب ذ-ات نفوس واجساد وافعال رو-------------------------------------------------حانية في النفوس كذلك -جعل في جسد الانسان سبع قوی جسمانية	كان الفلك معمورا باثني عشر برجا كذلك وجد في بنية الجسد اثنا عشر ثقبا مماثلة لها وكما ان في النفس الفلكية في كل برج من ابراج الفلك قوي موكلة بها كذلك لنفس الانسان في كل حاسة من جسمه قوي موكلة بها تصدر عنها وترجع اليها ولما كانت الابراج ستة منها---- جنوبية وستة شمالية كذلك وجد للانسان ست ثقوب---- في الجانب الايمن وست- في الجانب الايسر مماثلة لها بالكمية والكيفية جميعا ولما كان في الفلك سبعة كواكب سيارة بها تجري احكام الفلك في الكاءنات وبها يكون نظام الموجودات كذلك يوجد في الجسد-------- سبع قوي فعالة منبثة من النفس الانسانية متصلة بالقوة الطبيعية بما يكون به صلاح الجسد ولما كانت هذه الكواكب ذوات نفوس واجسام وافعال روحانية تفعل بما يظهر من فعلها في الموجودات من الحيوان---- والنبات كذلك يوجد في جسم الانسان سبع قوي جسمانية	605.5	53	1255	300	299	4566239777682789909	-2588686880350953374	311	727	53.92021942138672	53	GVDB20200108-ara1.mARkdown	Hindawi95926405Vols-ara1.mARkdown
